Timetamp	UserID	Session	Task	RunID	Name	Value
2016-09-05 15:16:28	115159	Post task2	Assessment Task 2	6593390	task_start	{"userID":"115159","userAgent":"Mozilla\\/5.0 (Windows NT 6.1; WOW64) AppleWebKit\\/537.36 (KHTML, like Gecko) Chrome\\/51.0.2704.106 Safari\\/537.36","taskType":"sciat","task_name":"sciat_valence"}
2016-09-05 15:16:49	115159	Post task2	Assessment Task 2	6593391	screen	[["name","phase","time","value","logger_sn","logger_time","participation_id"],["init","start",15911.34,{"screen.width":1366,"screen.height":768,"avail.width":1366,"avail.height":728,"window.width":1366,"window.height":643},0,15911.66,"6593390"],["fullscreenchange","start",16789.995,{"window.width":1366,"window.height":768,"avail.width":1366,"avail.height":728,"screenfull.isFullscreen":true},1,16790.095,"6593390"],["resize","start",16816.97,{"window.width":1366,"window.height":768,"avail.width":1366,"avail.height":728},2,16816.995,"6593390"],["fullscreenchange","end",16789.995,[],3,17912.2,"6593390"],["resize","end",16816.97,[],4,17912.31,"6593390"]]
2016-09-05 15:16:49	115159	Post task2	Assessment Task 2	6593391	slideshow	[["set","slide","delay","phase","response","rt","modality","id","time_start","time_buttons","time_response","logger_sn","logger_time","participation_id"],["noname",0,0,"up","up",75.22,"mouseup","all",16827.42,16827.525,16916.075,0,16916.23,"6593390"],["noname",1,0,"down","next",1385.82,"keydown",39,16916.25,16916.26,18333.005,1,18333.125,"6593390"],["noname",1,0,"up","up",47.47,"keyup",39,16916.25,16916.26,18410.75,2,18410.77,"6593390"],["noname",2,0,"down","next",327.445,"keydown",39,18410.775,18410.775,18756.525,3,18756.555,"6593390"],["noname",2,0,"up","up",50.125,"keyup",39,18410.775,18410.775,18828.925,4,18828.93,"6593390"],["noname",3,0,"down","next",329.3,"keydown",39,18828.935,18828.935,19191.205,5,19191.21,"6593390"],["noname",3,0,"up","up",47.08,"keyup",39,18828.935,18828.935,19258.88,6,19258.885,"6593390"],["noname",4,0,"down","next",388.96,"keydown",39,19258.89,19258.89,19667.265,7,19667.275,"6593390"],["noname",4,0,"up","up",35.645,"keyup",39,19258.89,19258.89,19730.275,8,19730.28,"6593390"],["noname",5,0,"down","next",414.03,"keydown",39,19730.285,19730.285,20175.25,9,20175.255,"6593390"],["noname",5,0,"up","up",55.265,"keyup",39,19730.285,19730.285,20249.61,10,20249.625,"6593390"],["noname",6,0,"down","next",435.645,"keydown",39,20249.635,20249.635,20713.115,11,20713.125,"6593390"],["noname",6,0,"up","up",37.535,"keyup",39,20249.635,20249.635,20781.135,12,20781.14,"6593390"]]
2016-09-05 15:16:53	115159	Post task2	Assessment Task 2	6593392	sciat	[["t1_left","a1_left","f1_left","block_type","cat","stim","response","rt","id","modality","label","fb_response","fb_rt","fb_id","block","trial","attempt","retry","time_start","time_stimulus","time_response","time_log","sn","logger_sn","logger_time","participation_id"],[false,true,"NA","tar1att2_1","att_2","word_ttq_neg_10",1,1263.075,39,"keydown","right_down","NA","NA","NA",0,0,0,false,20783.16,21610.18,22890.015,23058.265,"NA",0,23058.79,"6593390"]]
2016-09-05 15:16:57	115159	Post task2	Assessment Task 2	6593393	sciat	[["t1_left","a1_left","f1_left","block_type","cat","stim","response","rt","id","modality","label","fb_response","fb_rt","fb_id","block","trial","attempt","retry","time_start","time_stimulus","time_response","time_log","sn","logger_sn","logger_time","participation_id"],[false,true,"NA","tar1att2_1","att_1","word_ttq_pos_8",1,1107.955,37,"keydown","left_down","NA","NA","NA",0,1,0,false,23059.185,23741.1,24865.705,25023.325,"NA",1,25023.645,"6593390"],[false,true,"NA","tar1att2_1","att_1","word_ttq_pos_2",1,983.81,37,"keydown","left_down","NA","NA","NA",0,2,0,false,25024.245,25672.71,26673.18,26838.38,"NA",2,26838.62,"6593390"],[false,true,"NA","tar1att2_1","att_1","word_ttq_pos_10",1,654.61,37,"keydown","left_down","NA","NA","NA",0,3,0,false,26838.9,27487.88,28159.3,28320.44,"NA",3,28320.68,"6593390"]]
2016-09-05 15:17:01	115159	Post task2	Assessment Task 2	6593394	sciat	[["t1_left","a1_left","f1_left","block_type","cat","stim","response","rt","id","modality","label","fb_response","fb_rt","fb_id","block","trial","attempt","retry","time_start","time_stimulus","time_response","time_log","sn","logger_sn","logger_time","participation_id"],[false,true,"NA","tar1att2_1","tar_1","furongwang_p_9_test",1,723.28,39,"keydown","right_down","NA","NA","NA",0,4,0,false,28321.205,28886.6,29714.085,29869.085,"NA",4,29869.325,"6593390"],[false,true,"NA","tar1att2_1","att_1","word_ttq_pos_6",1,912.41,37,"keydown","left_down","NA","NA","NA",0,5,0,false,29869.6,30451.91,31380.96,31534.31,"NA",5,31534.555,"6593390"]]
2016-09-05 15:17:05	115159	Post task2	Assessment Task 2	6593395	sciat	[["t1_left","a1_left","f1_left","block_type","cat","stim","response","rt","id","modality","label","fb_response","fb_rt","fb_id","block","trial","attempt","retry","time_start","time_stimulus","time_response","time_log","sn","logger_sn","logger_time","participation_id"],[false,true,"NA","tar1att2_1","tar_1","baisha_p_10_test",1,657.365,39,"keydown","right_down","NA","NA","NA",0,6,0,false,31535.07,32183.775,32945.045,33099.645,"NA",6,33099.875,"6593390"],[false,true,"NA","tar1att2_1","tar_1","yunyan_a_6_test",1,797.29,39,"keydown","right_down","NA","NA","NA",0,7,0,false,33100.31,33848.995,34764.89,34914.68,"NA",7,34914.915,"6593390"],[false,true,"NA","tar1att2_1","att_1","word_ttq_pos_3",1,1027.3,37,"keydown","left_down","NA","NA","NA",0,8,0,false,34915.19,35481.715,36525.32,36679.795,"NA",8,36680.055,"6593390"]]
2016-09-05 15:17:09	115159	Post task2	Assessment Task 2	6593396	sciat	[["t1_left","a1_left","f1_left","block_type","cat","stim","response","rt","id","modality","label","fb_response","fb_rt","fb_id","block","trial","attempt","retry","time_start","time_stimulus","time_response","time_log","sn","logger_sn","logger_time","participation_id"],[false,true,"NA","tar1att2_1","att_2","word_ttq_neg_3",1,833.69,39,"keydown","right_down","NA","NA","NA",0,9,0,false,36680.315,37196.075,38046.425,38211.85,"NA",9,38212.09,"6593390"],[false,true,"NA","tar1att2_1","att_2","word_ttq_neg_2",1,548.37,39,"keydown","right_down","NA","NA","NA",0,10,0,false,38212.41,38861.27,39426.295,39577.35,"NA",10,39577.595,"6593390"]]
2016-09-05 15:17:13	115159	Post task2	Assessment Task 2	6593397	sciat	[["t1_left","a1_left","f1_left","block_type","cat","stim","response","rt","id","modality","label","fb_response","fb_rt","fb_id","block","trial","attempt","retry","time_start","time_stimulus","time_response","time_log","sn","logger_sn","logger_time","participation_id"],[false,true,"NA","tar1att2_1","att_2","word_ttq_neg_4",1,804.895,39,"keydown","right_down","NA","NA","NA",0,11,0,false,39577.885,40426.615,41248.155,41409.055,"NA",11,41409.31,"6593390"],[false,true,"NA","tar1att2_1","att_1","word_ttq_pos_7",1,658.075,37,"keydown","left_down","NA","NA","NA",0,12,0,false,41409.605,42075.17,42749.905,42907.76,"NA",12,42908,"6593390"],[false,true,"NA","tar1att2_1","tar_1","huanghelou_p_5_test",1,585.705,39,"keydown","right_down","NA","NA","NA",0,13,0,false,42908.405,43773.64,44468.66,44622.92,"NA",13,44623.16,"6593390"]]
2016-09-05 15:17:17	115159	Post task2	Assessment Task 2	6593398	sciat	[["t1_left","a1_left","f1_left","block_type","cat","stim","response","rt","id","modality","label","fb_response","fb_rt","fb_id","block","trial","attempt","retry","time_start","time_stimulus","time_response","time_log","sn","logger_sn","logger_time","participation_id"],[false,true,"NA","tar1att2_1","att_1","word_ttq_pos_1",1,917.1,37,"keydown","left_down","NA","NA","NA",0,14,0,false,44623.46,45222.395,46156.185,46304.835,"NA",14,46305.075,"6593390"],[false,true,"NA","tar1att2_1","tar_1","baisha_a_5_test",1,681.31,39,"keydown","right_down","NA","NA","NA",0,15,0,false,46305.445,47253.94,48043.685,48186.48,"NA",15,48186.78,"6593390"]]
2016-09-05 15:17:21	115159	Post task2	Assessment Task 2	6593399	sciat	[["t1_left","a1_left","f1_left","block_type","cat","stim","response","rt","id","modality","label","fb_response","fb_rt","fb_id","block","trial","attempt","retry","time_start","time_stimulus","time_response","time_log","sn","logger_sn","logger_time","participation_id"],[false,true,"NA","tar1att2_1","att_1","word_ttq_pos_9",1,846.91,37,"keydown","left_down","NA","NA","NA",0,16,0,false,48187.05,49052.435,49915.995,50068.2,"NA",16,50068.445,"6593390"],[false,true,"NA","tar1att2_1","att_1","word_ttq_pos_5",1,740.99,37,"keydown","left_down","NA","NA","NA",0,17,0,false,50068.735,50617.73,51375.46,51533.555,"NA",17,51533.805,"6593390"]]
2016-09-05 15:17:25	115159	Post task2	Assessment Task 2	6593400	sciat	[["t1_left","a1_left","f1_left","block_type","cat","stim","response","rt","id","modality","label","fb_response","fb_rt","fb_id","block","trial","attempt","retry","time_start","time_stimulus","time_response","time_log","sn","logger_sn","logger_time","participation_id"],[false,true,"NA","tar1att2_1","att_2","word_ttq_neg_8",1,833.04,39,"keydown","right_down","NA","NA","NA",0,18,0,false,51534.06,52482.82,53332.48,53482.015,"NA",18,53482.295,"6593390"],[false,true,"NA","tar1att2_1","att_2","word_ttq_neg_5",1,997.495,39,"keydown","right_down","NA","NA","NA",0,19,0,false,53482.55,54347.87,55361.995,55513.435,"NA",19,55513.68,"6593390"]]
2016-09-05 15:17:29	115159	Post task2	Assessment Task 2	6593401	sciat	[["t1_left","a1_left","f1_left","block_type","cat","stim","response","rt","id","modality","label","fb_response","fb_rt","fb_id","block","trial","attempt","retry","time_start","time_stimulus","time_response","time_log","sn","logger_sn","logger_time","participation_id"],[false,true,"NA","tar1att2_1","att_2","word_ttq_neg_6",1,913.725,39,"keydown","right_down","NA","NA","NA",0,20,0,false,55513.94,56129.635,57060.375,57211.98,"NA",20,57212.21,"6593390"],[false,true,"NA","tar1att2_1","tar_1","huanghelou_p_4_test",1,437.91,39,"keydown","right_down","NA","NA","NA",0,21,0,false,57212.595,58194.425,58740.325,58893.855,"NA",21,58894.09,"6593390"],[false,true,"NA","tar1att2_1","att_1","word_ttq_pos_4",1,805.545,37,"keydown","left_down","NA","NA","NA",0,22,0,false,58894.49,59410.305,60232.64,60392.595,"NA",22,60392.83,"6593390"]]
2016-09-05 15:17:33	115159	Post task2	Assessment Task 2	6593402	sciat	[["t1_left","a1_left","f1_left","block_type","cat","stim","response","rt","id","modality","label","fb_response","fb_rt","fb_id","block","trial","attempt","retry","time_start","time_stimulus","time_response","time_log","sn","logger_sn","logger_time","participation_id"],[false,true,"NA","tar1att2_1","tar_1","yunyan_p_7_test",1,616.075,39,"keydown","right_down","NA","NA","NA",0,23,0,false,60393.2,61241.795,61966.755,62124.39,"NA",23,62124.63,"6593390"]]
2016-09-05 15:17:49	115159	Post task2	Assessment Task 2	6593403	slideshow	[["set","slide","delay","phase","response","rt","modality","id","time_start","time_buttons","time_response","logger_sn","logger_time","participation_id"],["noname",1,0,"down","next",15402.795,"keydown",39,62127.23,62127.235,77543.845,13,77544.02,"6593390"],["noname",1,0,"up","up",19.68,"keyup",39,62127.23,62127.235,77580.63,14,77580.655,"6593390"],["noname",2,0,"down","next",667.65,"keydown",39,77580.76,77580.76,78277.845,15,78277.925,"6593390"],["noname",2,0,"up","up",32.795,"keyup",39,77580.76,77580.76,78343.16,16,78343.17,"6593390"]]
2016-09-05 15:17:53	115159	Post task2	Assessment Task 2	6593404	sciat	[["t1_left","a1_left","f1_left","block_type","cat","stim","response","rt","id","modality","label","fb_response","fb_rt","fb_id","block","trial","attempt","retry","time_start","time_stimulus","time_response","time_log","sn","logger_sn","logger_time","participation_id"],[false,true,"NA","tar1att2_2","tar_1","huanghelou_p_4_test",3,null,"NA","NA","NA","right_down",972.155,39,1,0,0,true,78343.915,78909.715,80408.52,81481.035,"NA",24,81481.355,"6593390"],[false,true,"NA","tar1att2_2","tar_1","huanghelou_p_4_test",1,1005.315,39,"keydown","right_down","NA","NA","NA",1,0,1,false,78343.915,81481.375,82512.86,82673.15,"NA",25,82673.435,"6593390"]]
2016-09-05 15:17:57	115159	Post task2	Assessment Task 2	6593405	sciat	[["t1_left","a1_left","f1_left","block_type","cat","stim","response","rt","id","modality","label","fb_response","fb_rt","fb_id","block","trial","attempt","retry","time_start","time_stimulus","time_response","time_log","sn","logger_sn","logger_time","participation_id"],[false,true,"NA","tar1att2_2","att_2","word_ttq_neg_5",3,null,"NA","NA","NA","right_down",1476.69,39,1,1,0,true,82673.685,83622.345,85121.19,86699.14,"NA",26,86699.41,"6593390"],[false,true,"NA","tar1att2_2","att_2","word_ttq_neg_5",1,556.215,39,"keydown","right_down","NA","NA","NA",1,1,1,false,82673.685,86699.42,87275.955,87435.6,"NA",27,87435.845,"6593390"]]
2016-09-05 15:18:01	115159	Post task2	Assessment Task 2	6593406	sciat	[["t1_left","a1_left","f1_left","block_type","cat","stim","response","rt","id","modality","label","fb_response","fb_rt","fb_id","block","trial","attempt","retry","time_start","time_stimulus","time_response","time_log","sn","logger_sn","logger_time","participation_id"],[false,true,"NA","tar1att2_2","att_1","word_ttq_pos_3",1,782.26,37,"keydown","left_down","NA","NA","NA",1,2,0,false,87436.105,88018.55,88817.465,88967.75,"NA",28,88968.03,"6593390"],[false,true,"NA","tar1att2_2","tar_1","yunyan_p_6_test",1,550.59,39,"keydown","right_down","NA","NA","NA",1,3,0,false,88968.375,89717.33,90384.59,90549.68,"NA",29,90549.925,"6593390"],[false,true,"NA","tar1att2_2","att_2","word_ttq_neg_1",1,751.945,39,"keydown","right_down","NA","NA","NA",1,4,0,false,90550.21,91465.555,92234.33,92398.07,"NA",30,92398.34,"6593390"]]
2016-09-05 15:18:05	115159	Post task2	Assessment Task 2	6593407	sciat	[["t1_left","a1_left","f1_left","block_type","cat","stim","response","rt","id","modality","label","fb_response","fb_rt","fb_id","block","trial","attempt","retry","time_start","time_stimulus","time_response","time_log","sn","logger_sn","logger_time","participation_id"],[false,true,"NA","tar1att2_2","tar_1","huanghelou_p_5_test",2,557.535,37,"keydown","left_down","NA","NA","NA",1,5,0,false,92398.715,93080.87,93655.035,93880.125,"NA",31,93880.385,"6593390"],[false,true,"NA","tar1att2_2","att_2","word_ttq_neg_2",3,null,"NA","NA","NA","right_down",9.73,39,1,6,0,true,93880.625,94845.895,96345.025,96493.78,"NA",32,96494.06,"6593390"]]
2016-09-05 15:18:09	115159	Post task2	Assessment Task 2	6593408	sciat	[["t1_left","a1_left","f1_left","block_type","cat","stim","response","rt","id","modality","label","fb_response","fb_rt","fb_id","block","trial","attempt","retry","time_start","time_stimulus","time_response","time_log","sn","logger_sn","logger_time","participation_id"],[false,true,"NA","tar1att2_2","att_2","word_ttq_neg_2",1,531.26,39,"keydown","right_down","NA","NA","NA",1,6,1,false,93880.625,96494.07,97042.445,97193.935,"NA",33,97194.235,"6593390"],[false,true,"NA","tar1att2_2","att_2","word_ttq_neg_8",1,1090.07,39,"keydown","right_down","NA","NA","NA",1,7,0,false,97194.55,97726.77,98833.495,98992.34,"NA",34,98992.6,"6593390"],[false,true,"NA","tar1att2_2","att_1","word_ttq_pos_9",1,502.265,37,"keydown","left_down","NA","NA","NA",1,8,0,false,98992.905,99691.715,100210.635,100374.5,"NA",35,100374.745,"6593390"]]
2016-09-05 15:18:13	115159	Post task2	Assessment Task 2	6593409	sciat	[["t1_left","a1_left","f1_left","block_type","cat","stim","response","rt","id","modality","label","fb_response","fb_rt","fb_id","block","trial","attempt","retry","time_start","time_stimulus","time_response","time_log","sn","logger_sn","logger_time","participation_id"],[false,true,"NA","tar1att2_2","att_1","word_ttq_pos_2",1,591.2,37,"keydown","left_down","NA","NA","NA",1,9,0,false,100375.03,101023.935,101632.305,101789.935,"NA",36,101790.175,"6593390"],[false,true,"NA","tar1att2_2","att_1","word_ttq_pos_5",1,641.27,37,"keydown","left_down","NA","NA","NA",1,10,0,false,101790.485,102406.06,103064,103222,"NA",37,103222.245,"6593390"],[false,true,"NA","tar1att2_2","att_2","word_ttq_neg_1",1,498.815,39,"keydown","right_down","NA","NA","NA",1,11,0,false,103222.555,104071.28,104586.755,104754.01,"NA",38,104754.255,"6593390"]]
2016-09-05 15:18:17	115159	Post task2	Assessment Task 2	6593410	sciat	[["t1_left","a1_left","f1_left","block_type","cat","stim","response","rt","id","modality","label","fb_response","fb_rt","fb_id","block","trial","attempt","retry","time_start","time_stimulus","time_response","time_log","sn","logger_sn","logger_time","participation_id"],[false,true,"NA","tar1att2_2","att_1","word_ttq_pos_4",1,656.43,37,"keydown","left_down","NA","NA","NA",1,12,0,false,104754.565,105703.21,106376.305,106535.79,"NA",39,106536.055,"6593390"],[false,true,"NA","tar1att2_2","att_2","word_ttq_neg_4",1,652.575,39,"keydown","right_down","NA","NA","NA",1,13,0,false,106536.33,107035.38,107705.12,107867.965,"NA",40,107868.215,"6593390"]]
2016-09-05 15:18:21	115159	Post task2	Assessment Task 2	6593411	sciat	[["t1_left","a1_left","f1_left","block_type","cat","stim","response","rt","id","modality","label","fb_response","fb_rt","fb_id","block","trial","attempt","retry","time_start","time_stimulus","time_response","time_log","sn","logger_sn","logger_time","participation_id"],[false,true,"NA","tar1att2_2","att_1","word_ttq_pos_7",1,612.255,37,"keydown","left_down","NA","NA","NA",1,14,0,false,107868.495,108517.37,109146.645,109300.07,"NA",41,109300.35,"6593390"],[false,true,"NA","tar1att2_2","tar_1","liqun_a_10_test",1,697.68,39,"keydown","right_down","NA","NA","NA",1,15,0,false,109300.715,109982.785,110792.975,110948.61,"NA",42,110948.86,"6593390"],[false,true,"NA","tar1att2_2","att_1","word_ttq_pos_2",1,663.475,37,"keydown","left_down","NA","NA","NA",1,16,0,false,110949.14,111714.64,112394.765,112547.23,"NA",43,112547.475,"6593390"]]
2016-09-05 15:18:25	115159	Post task2	Assessment Task 2	6593412	sciat	[["t1_left","a1_left","f1_left","block_type","cat","stim","response","rt","id","modality","label","fb_response","fb_rt","fb_id","block","trial","attempt","retry","time_start","time_stimulus","time_response","time_log","sn","logger_sn","logger_time","participation_id"],[false,true,"NA","tar1att2_2","tar_1","furongwang_a_9_test",1,624.67,39,"keydown","right_down","NA","NA","NA",1,17,0,false,112547.875,113180.02,113919.125,114079.225,"NA",44,114079.465,"6593390"],[false,true,"NA","tar1att2_2","att_2","word_ttq_neg_6",1,774.65,39,"keydown","right_down","NA","NA","NA",1,18,0,false,114079.715,114578.77,115370.09,115528.03,"NA",45,115528.28,"6593390"]]
2016-09-05 15:18:29	115159	Post task2	Assessment Task 2	6593413	sciat	[["t1_left","a1_left","f1_left","block_type","cat","stim","response","rt","id","modality","label","fb_response","fb_rt","fb_id","block","trial","attempt","retry","time_start","time_stimulus","time_response","time_log","sn","logger_sn","logger_time","participation_id"],[false,true,"NA","tar1att2_2","att_2","word_ttq_neg_9",1,700.38,39,"keydown","right_down","NA","NA","NA",1,19,0,false,115528.555,116310.6,117027.63,117193.215,"NA",46,117193.455,"6593390"],[false,true,"NA","tar1att2_2","att_2","word_ttq_neg_10",1,567.59,39,"keydown","right_down","NA","NA","NA",1,20,0,false,117193.71,118142.335,118726.575,118891.72,"NA",47,118892.02,"6593390"],[false,true,"NA","tar1att2_2","att_1","word_ttq_pos_1",1,488.655,37,"keydown","left_down","NA","NA","NA",1,21,0,false,118892.315,119757.59,120262.955,120423.745,"NA",48,120423.985,"6593390"]]
2016-09-05 15:18:33	115159	Post task2	Assessment Task 2	6593414	sciat	[["t1_left","a1_left","f1_left","block_type","cat","stim","response","rt","id","modality","label","fb_response","fb_rt","fb_id","block","trial","attempt","retry","time_start","time_stimulus","time_response","time_log","sn","logger_sn","logger_time","participation_id"],[false,true,"NA","tar1att2_2","tar_1","furongwang_p_7_test",1,672.945,39,"keydown","right_down","NA","NA","NA",1,22,0,false,120424.705,121089.785,121876.07,122038.995,"NA",49,122039.235,"6593390"],[false,true,"NA","tar1att2_2","att_2","word_ttq_neg_7",1,1210.895,39,"keydown","right_down","NA","NA","NA",1,23,0,false,122039.51,122588.52,123816.07,123970.565,"NA",50,123970.805,"6593390"]]
2016-09-05 15:18:37	115159	Post task2	Assessment Task 2	6593415	sciat	[["t1_left","a1_left","f1_left","block_type","cat","stim","response","rt","id","modality","label","fb_response","fb_rt","fb_id","block","trial","attempt","retry","time_start","time_stimulus","time_response","time_log","sn","logger_sn","logger_time","participation_id"],[false,true,"NA","tar1att2_2","att_1","word_ttq_pos_8",1,596.45,37,"keydown","left_down","NA","NA","NA",1,24,0,false,123971.065,124620.075,125233.145,125386.08,"NA",51,125386.325,"6593390"],[false,true,"NA","tar1att2_2","att_1","word_ttq_pos_8",1,479.63,37,"keydown","left_down","NA","NA","NA",1,25,0,false,125386.6,125952.215,126448.515,126618.335,"NA",52,126618.585,"6593390"],[false,true,"NA","tar1att2_2","att_1","word_ttq_pos_3",1,469.815,37,"keydown","left_down","NA","NA","NA",1,26,0,false,126618.86,127450.97,127937.45,128100.53,"NA",53,128100.835,"6593390"]]
2016-09-05 15:18:41	115159	Post task2	Assessment Task 2	6593416	sciat	[["t1_left","a1_left","f1_left","block_type","cat","stim","response","rt","id","modality","label","fb_response","fb_rt","fb_id","block","trial","attempt","retry","time_start","time_stimulus","time_response","time_log","sn","logger_sn","logger_time","participation_id"],[false,true,"NA","tar1att2_2","tar_1","yunyan_p_7_test",1,575.205,39,"keydown","right_down","NA","NA","NA",1,27,0,false,128101.25,129016.21,129608.07,129765.605,"NA",54,129765.855,"6593390"],[false,true,"NA","tar1att2_2","att_2","word_ttq_neg_10",1,596.41,39,"keydown","right_down","NA","NA","NA",1,28,0,false,129766.12,130381.76,130994.82,131147.735,"NA",55,131148.045,"6593390"],[false,true,"NA","tar1att2_2","att_1","word_ttq_pos_3",1,652.25,37,"keydown","left_down","NA","NA","NA",1,29,0,false,131148.36,131714.03,132382.91,132546.515,"NA",56,132546.78,"6593390"]]
2016-09-05 15:18:45	115159	Post task2	Assessment Task 2	6593417	sciat	[["t1_left","a1_left","f1_left","block_type","cat","stim","response","rt","id","modality","label","fb_response","fb_rt","fb_id","block","trial","attempt","retry","time_start","time_stimulus","time_response","time_log","sn","logger_sn","logger_time","participation_id"],[false,true,"NA","tar1att2_2","tar_1","furongwang_a_10_test",1,641.42,39,"keydown","right_down","NA","NA","NA",1,30,0,false,132547.125,133062.745,133823.42,133995.275,"NA",57,133995.53,"6593390"],[false,true,"NA","tar1att2_2","att_2","word_ttq_neg_3",1,677.505,39,"keydown","right_down","NA","NA","NA",1,31,0,false,133995.81,134644.67,135338.82,135493.965,"NA",58,135494.555,"6593390"]]
2016-09-05 15:18:49	115159	Post task2	Assessment Task 2	6593418	sciat	[["t1_left","a1_left","f1_left","block_type","cat","stim","response","rt","id","modality","label","fb_response","fb_rt","fb_id","block","trial","attempt","retry","time_start","time_stimulus","time_response","time_log","sn","logger_sn","logger_time","participation_id"],[false,true,"NA","tar1att2_2","att_1","word_ttq_pos_10",1,496.7,37,"keydown","left_down","NA","NA","NA",1,32,0,false,135494.79,136376.505,136889.835,137042.625,"NA",59,137042.89,"6593390"],[false,true,"NA","tar1att2_2","att_1","word_ttq_pos_6",1,524.45,37,"keydown","left_down","NA","NA","NA",1,33,0,false,137043.16,137625.455,138166.565,138324.84,"NA",60,138325.075,"6593390"],[false,true,"NA","tar1att2_2","att_2","word_ttq_neg_5",1,448.295,39,"keydown","right_down","NA","NA","NA",1,34,0,false,138325.335,139190.79,139655.71,139806.905,"NA",61,139807.145,"6593390"]]
2016-09-05 15:18:53	115159	Post task2	Assessment Task 2	6593419	sciat	[["t1_left","a1_left","f1_left","block_type","cat","stim","response","rt","id","modality","label","fb_response","fb_rt","fb_id","block","trial","attempt","retry","time_start","time_stimulus","time_response","time_log","sn","logger_sn","logger_time","participation_id"],[false,true,"NA","tar1att2_2","att_1","word_ttq_pos_2",1,472.035,37,"keydown","left_down","NA","NA","NA",1,35,0,false,139807.425,140389.705,140878.405,141039.145,"NA",62,141039.385,"6593390"],[false,true,"NA","tar1att2_2","tar_1","nobrand_p_4_test",1,1019.005,39,"keydown","right_down","NA","NA","NA",1,36,0,false,141039.795,141805.115,142943.05,143104.015,"NA",63,143104.25,"6593390"]]
2016-09-05 15:18:57	115159	Post task2	Assessment Task 2	6593420	sciat	[["t1_left","a1_left","f1_left","block_type","cat","stim","response","rt","id","modality","label","fb_response","fb_rt","fb_id","block","trial","attempt","retry","time_start","time_stimulus","time_response","time_log","sn","logger_sn","logger_time","participation_id"],[false,true,"NA","tar1att2_2","att_2","word_ttq_neg_8",1,668.855,39,"keydown","right_down","NA","NA","NA",1,37,0,false,143104.505,144069.81,144755.345,144919.115,"NA",64,144919.36,"6593390"],[false,true,"NA","tar1att2_2","att_2","word_ttq_neg_10",1,574.42,39,"keydown","right_down","NA","NA","NA",1,38,0,false,144919.64,145518.555,146110.225,146267.905,"NA",65,146268.17,"6593390"],[false,true,"NA","tar1att2_2","tar_1","furongwang_p_9_test",2,535.23,37,"keydown","left_down","NA","NA","NA",1,39,0,false,146268.565,147050.545,147602.56,147749.97,"NA",66,147750.245,"6593390"]]
2016-09-05 15:19:01	115159	Post task2	Assessment Task 2	6593421	sciat	[["t1_left","a1_left","f1_left","block_type","cat","stim","response","rt","id","modality","label","fb_response","fb_rt","fb_id","block","trial","attempt","retry","time_start","time_stimulus","time_response","time_log","sn","logger_sn","logger_time","participation_id"],[false,true,"NA","tar1att2_2","att_2","word_ttq_neg_2",1,737.28,39,"keydown","right_down","NA","NA","NA",1,40,0,false,147750.5,148732.405,149486.32,149648.36,"NA",67,149648.6,"6593390"],[false,true,"NA","tar1att2_2","att_1","word_ttq_pos_5",1,505.375,37,"keydown","left_down","NA","NA","NA",1,41,0,false,149648.885,150530.865,151052.84,151213.635,"NA",68,151213.86,"6593390"],[false,true,"NA","tar1att2_2","att_1","word_ttq_pos_4",1,528.7,37,"keydown","left_down","NA","NA","NA",1,42,0,false,151214.12,151729.845,152275.185,152429.305,"NA",69,152429.7,"6593390"]]
2016-09-05 15:19:05	115159	Post task2	Assessment Task 2	6593422	sciat	[["t1_left","a1_left","f1_left","block_type","cat","stim","response","rt","id","modality","label","fb_response","fb_rt","fb_id","block","trial","attempt","retry","time_start","time_stimulus","time_response","time_log","sn","logger_sn","logger_time","participation_id"],[false,true,"NA","tar1att2_2","tar_1","nobrand_p_8_test",1,510.97,39,"keydown","right_down","NA","NA","NA",1,43,0,false,152430.015,153161.945,153799.855,153961.21,"NA",70,153961.5,"6593390"],[false,true,"NA","tar1att2_2","tar_1","nobrand_p_4_test",1,461.285,39,"keydown","right_down","NA","NA","NA",1,44,0,false,153961.895,154843.81,155322.245,155476.58,"NA",71,155476.82,"6593390"],[false,true,"NA","tar1att2_2","tar_1","baisha_p_10_test",1,423.04,39,"keydown","right_down","NA","NA","NA",1,45,0,false,155477.185,156209.3,156649.005,156808.85,"NA",72,156809.085,"6593390"]]
2016-09-05 15:19:09	115159	Post task2	Assessment Task 2	6593423	sciat	[["t1_left","a1_left","f1_left","block_type","cat","stim","response","rt","id","modality","label","fb_response","fb_rt","fb_id","block","trial","attempt","retry","time_start","time_stimulus","time_response","time_log","sn","logger_sn","logger_time","participation_id"],[false,true,"NA","tar1att2_2","att_1","word_ttq_pos_7",1,597.635,37,"keydown","left_down","NA","NA","NA",1,46,0,false,156809.365,157674.605,158288.88,158440.705,"NA",73,158440.94,"6593390"],[false,true,"NA","tar1att2_2","att_1","word_ttq_pos_10",1,506.58,37,"keydown","left_down","NA","NA","NA",1,47,0,false,158441.215,159206.66,159729.87,159889.405,"NA",74,159889.685,"6593390"]]
2016-09-05 15:19:13	115159	Post task2	Assessment Task 2	6593424	sciat	[["t1_left","a1_left","f1_left","block_type","cat","stim","response","rt","id","modality","label","fb_response","fb_rt","fb_id","block","trial","attempt","retry","time_start","time_stimulus","time_response","time_log","sn","logger_sn","logger_time","participation_id"],[false,true,"NA","tar1att2_2","tar_1","nobrand_a_6_test",1,479.725,39,"keydown","right_down","NA","NA","NA",1,48,0,false,159890.025,160605.51,161208.68,161354.79,"NA",75,161355.08,"6593390"],[false,true,"NA","tar1att2_2","att_1","word_ttq_pos_7",1,509.11,37,"keydown","left_down","NA","NA","NA",1,49,0,false,161355.295,161970.965,162496.775,162653.765,"NA",76,162654.005,"6593390"],[false,true,"NA","tar1att2_2","tar_1","baisha_a_8_test",1,513.855,39,"keydown","right_down","NA","NA","NA",1,50,0,false,162654.385,163403.06,164031.14,164185.675,"NA",77,164185.92,"6593390"]]
2016-09-05 15:19:17	115159	Post task2	Assessment Task 2	6593425	sciat	[["t1_left","a1_left","f1_left","block_type","cat","stim","response","rt","id","modality","label","fb_response","fb_rt","fb_id","block","trial","attempt","retry","time_start","time_stimulus","time_response","time_log","sn","logger_sn","logger_time","participation_id"],[false,true,"NA","tar1att2_2","att_1","word_ttq_pos_6",1,514.4,37,"keydown","left_down","NA","NA","NA",1,51,0,false,164186.195,164968.35,165499.41,165651.1,"NA",78,165651.34,"6593390"],[false,true,"NA","tar1att2_2","tar_1","huanghelou_a_8_test",2,485.755,37,"keydown","left_down","NA","NA","NA",1,52,0,false,165651.73,166500.3,167108.23,167266.32,"NA",79,167266.56,"6593390"]]
2016-09-05 15:19:21	115159	Post task2	Assessment Task 2	6593426	sciat	[["t1_left","a1_left","f1_left","block_type","cat","stim","response","rt","id","modality","label","fb_response","fb_rt","fb_id","block","trial","attempt","retry","time_start","time_stimulus","time_response","time_log","sn","logger_sn","logger_time","participation_id"],[false,true,"NA","tar1att2_2","att_1","word_ttq_pos_10",1,560.4,37,"keydown","left_down","NA","NA","NA",1,53,0,false,167266.835,168215.53,168792.575,168948.21,"NA",80,168948.45,"6593390"],[false,true,"NA","tar1att2_2","att_1","word_ttq_pos_5",1,496.975,37,"keydown","left_down","NA","NA","NA",1,54,0,false,168948.73,169714.24,170227.895,170380.3,"NA",81,170380.54,"6593390"],[false,true,"NA","tar1att2_2","tar_1","liqun_a_9_test",1,581.995,39,"keydown","right_down","NA","NA","NA",1,55,0,false,170380.955,170929.795,171625.96,171779.07,"NA",82,171779.31,"6593390"]]
2016-09-05 15:19:25	115159	Post task2	Assessment Task 2	6593427	sciat	[["t1_left","a1_left","f1_left","block_type","cat","stim","response","rt","id","modality","label","fb_response","fb_rt","fb_id","block","trial","attempt","retry","time_start","time_stimulus","time_response","time_log","sn","logger_sn","logger_time","participation_id"],[false,true,"NA","tar1att2_2","att_2","word_ttq_neg_6",1,635.695,39,"keydown","right_down","NA","NA","NA",1,56,0,false,171779.59,172361.96,173014.275,173161.215,"NA",83,173161.45,"6593390"],[false,true,"NA","tar1att2_2","att_1","word_ttq_pos_8",1,507.105,37,"keydown","left_down","NA","NA","NA",1,57,0,false,173161.725,173877.23,174401.025,174560.04,"NA",84,174560.28,"6593390"],[false,true,"NA","tar1att2_2","att_2","word_ttq_neg_4",1,579.83,39,"keydown","right_down","NA","NA","NA",1,58,0,false,174560.56,175392.57,175989.04,176141.965,"NA",85,176142.205,"6593390"]]
2016-09-05 15:19:29	115159	Post task2	Assessment Task 2	6593428	sciat	[["t1_left","a1_left","f1_left","block_type","cat","stim","response","rt","id","modality","label","fb_response","fb_rt","fb_id","block","trial","attempt","retry","time_start","time_stimulus","time_response","time_log","sn","logger_sn","logger_time","participation_id"],[false,true,"NA","tar1att2_2","att_2","word_ttq_neg_7",1,613.785,39,"keydown","right_down","NA","NA","NA",1,59,0,false,176142.455,176991.18,177621.605,177773.88,"NA",86,177774.125,"6593390"],[false,true,"NA","tar1att2_2","tar_1","huanghelou_p_9_test",1,587.645,39,"keydown","right_down","NA","NA","NA",1,60,0,false,177775.02,178756.315,179459.395,179605.61,"NA",87,179605.85,"6593390"]]
2016-09-05 15:19:33	115159	Post task2	Assessment Task 2	6593429	sciat	[["t1_left","a1_left","f1_left","block_type","cat","stim","response","rt","id","modality","label","fb_response","fb_rt","fb_id","block","trial","attempt","retry","time_start","time_stimulus","time_response","time_log","sn","logger_sn","logger_time","participation_id"],[false,true,"NA","tar1att2_2","tar_1","baisha_a_5_test",1,680.955,39,"keydown","right_down","NA","NA","NA",1,61,0,false,179606.33,180271.71,180969.81,181120.955,"NA",88,181121.21,"6593390"],[false,true,"NA","tar1att2_2","tar_1","yunyan_a_6_test",1,578.515,39,"keydown","right_down","NA","NA","NA",1,62,0,false,181121.565,181921.9,182516.525,182686.32,"NA",89,182686.565,"6593390"],[false,true,"NA","tar1att2_2","att_1","word_ttq_pos_1",1,517.245,37,"keydown","left_down","NA","NA","NA",1,63,0,false,182686.805,183368.99,183902.885,184068.42,"NA",90,184068.66,"6593390"]]
2016-09-05 15:19:37	115159	Post task2	Assessment Task 2	6593430	sciat	[["t1_left","a1_left","f1_left","block_type","cat","stim","response","rt","id","modality","label","fb_response","fb_rt","fb_id","block","trial","attempt","retry","time_start","time_stimulus","time_response","time_log","sn","logger_sn","logger_time","participation_id"],[false,true,"NA","tar1att2_2","att_1","word_ttq_pos_9",1,514.455,37,"keydown","left_down","NA","NA","NA",1,64,0,false,184068.95,185050.905,185581.97,185733.65,"NA",91,185733.885,"6593390"],[false,true,"NA","tar1att2_2","att_2","word_ttq_neg_3",1,652.195,39,"keydown","right_down","NA","NA","NA",1,65,0,false,185734.16,186666.095,187334.93,187498.775,"NA",92,187499.01,"6593390"]]
2016-09-05 15:19:41	115159	Post task2	Assessment Task 2	6593431	sciat	[["t1_left","a1_left","f1_left","block_type","cat","stim","response","rt","id","modality","label","fb_response","fb_rt","fb_id","block","trial","attempt","retry","time_start","time_stimulus","time_response","time_log","sn","logger_sn","logger_time","participation_id"],[false,true,"NA","tar1att2_2","att_1","word_ttq_pos_6",1,558.055,37,"keydown","left_down","NA","NA","NA",1,66,0,false,187499.265,188248.07,188822.755,188980.97,"NA",93,188981.2,"6593390"],[false,true,"NA","tar1att2_2","att_1","word_ttq_pos_4",1,472.005,37,"keydown","left_down","NA","NA","NA",1,67,0,false,188981.465,189863.38,190352.045,190512.825,"NA",94,190513.06,"6593390"],[false,true,"NA","tar1att2_2","tar_1","nobrand_a_7_test",1,911.495,39,"keydown","right_down","NA","NA","NA",1,68,0,false,190513.38,191345.375,192379.6,192544.39,"NA",95,192544.63,"6593390"]]
2016-09-05 15:19:45	115159	Post task2	Assessment Task 2	6593432	sciat	[["t1_left","a1_left","f1_left","block_type","cat","stim","response","rt","id","modality","label","fb_response","fb_rt","fb_id","block","trial","attempt","retry","time_start","time_stimulus","time_response","time_log","sn","logger_sn","logger_time","participation_id"],[false,true,"NA","tar1att2_2","att_2","word_ttq_neg_9",1,642.725,39,"keydown","right_down","NA","NA","NA",1,69,0,false,192544.88,193077.22,193736.695,193893.21,"NA",96,193893.445,"6593390"],[false,true,"NA","tar1att2_2","att_1","word_ttq_pos_9",1,514.35,37,"keydown","left_down","NA","NA","NA",1,70,0,false,193893.73,194509.35,195040.35,195192.04,"NA",97,195192.285,"6593390"],[false,true,"NA","tar1att2_2","att_1","word_ttq_pos_1",1,507.81,37,"keydown","left_down","NA","NA","NA",1,71,0,false,195192.55,195941.42,196465.88,196624.185,"NA",98,196624.42,"6593390"]]
2016-09-05 15:19:49	115159	Post task2	Assessment Task 2	6593433	screen	[["name","phase","time","value","logger_sn","logger_time","participation_id"],["fullscreenchange","start",198651.755,{"window.width":1366,"window.height":643,"avail.width":1366,"avail.height":728,"screenfull.isFullscreen":false},5,198651.91,"6593390"],["resize","start",198656.125,{"window.width":1366,"window.height":643,"avail.width":1366,"avail.height":728},6,198656.485,"6593390"],["fullscreenchange","end",198651.755,[],7,199926.97,"6593390"],["resize","end",198656.125,[],8,199927.21,"6593390"],["focusout","start",200766,[],9,200766.08,"6593390"]]
2016-09-05 15:19:49	115159	Post task2	Assessment Task 2	6593433	slideshow	[["set","slide","delay","phase","response","rt","modality","id","time_start","time_buttons","time_response","logger_sn","logger_time","participation_id"],["noname",0,0,"up","up",2111.875,"keyup",27,196626.63,196626.635,198752.82,17,198752.83,"6593390"]]
2016-09-05 15:22:04	115159	Post task3	Assessment Task 3	6593434	task_start	{"userID":"115159","userAgent":"Mozilla\\/5.0 (Windows NT 6.1; WOW64) AppleWebKit\\/537.36 (KHTML, like Gecko) Chrome\\/51.0.2704.106 Safari\\/537.36","taskType":"sciat","task_name":"sciat_approach"}
2016-09-05 15:22:17	115159	Post task3	Assessment Task 3	6593435	screen	[["name","phase","time","value","logger_sn","logger_time","participation_id"],["init","start",4744.13,{"screen.width":1366,"screen.height":768,"avail.width":1366,"avail.height":728,"window.width":1366,"window.height":643},0,4744.435,"6593434"],["focusout","start",6795.17,[],1,6795.205,"6593434"],["focusout","end",6795.17,[],2,8764.93,"6593434"],["focusin","start",9297.055,[],3,9297.065,"6593434"],["fullscreenchange","start",9342.485,{"window.width":1366,"window.height":768,"avail.width":1366,"avail.height":728,"screenfull.isFullscreen":true},4,9342.5,"6593434"],["resize","start",9344.93,{"window.width":1366,"window.height":768,"avail.width":1366,"avail.height":728},5,9344.935,"6593434"],["focusin","end",9297.055,[],6,10766.89,"6593434"],["fullscreenchange","end",9342.485,[],7,10767.08,"6593434"],["resize","end",9344.93,[],8,10767.12,"6593434"],["fullscreenchange","start",12007.335,{"window.width":1366,"window.height":643,"avail.width":1366,"avail.height":728,"screenfull.isFullscreen":false},9,12007.345,"6593434"],["resize","start",12016.695,{"window.width":1366,"window.height":643,"avail.width":1366,"avail.height":728},10,12016.705,"6593434"]]
2016-09-05 15:22:17	115159	Post task3	Assessment Task 3	6593435	slideshow	[["set","slide","delay","phase","response","rt","modality","id","time_start","time_buttons","time_response","logger_sn","logger_time","participation_id"],["noname",0,0,"up","up",98,"mouseup","all",9350.97,9351.105,9461.415,0,9461.64,"6593434"],["noname",0,0,"up","up",2611.42,"keyup",27,9461.655,9461.665,12094.965,1,12095.045,"6593434"]]
2016-09-05 15:22:21	115159	Post task3	Assessment Task 3	6593436	screen	[["name","phase","time","value","logger_sn","logger_time","participation_id"],["focusout","start",13674.18,[],11,13674.185,"6593434"],["fullscreenchange","end",12007.335,[],12,13767.55,"6593434"],["resize","end",12016.695,[],13,13767.68,"6593434"],["focusout","end",13674.18,[],14,14767.8,"6593434"]]
2016-09-05 15:22:30	115159	QN plan after post assessment	QN plan to do 9th training	6593437	screen	[["name","phase","time","value","logger_sn","logger_time","participation_id"],["beforeunload","start",24226.575,[],15,24226.585,"6593434"],["beforeunload","end",24226.575,[],16,26030.405,"6593434"]]
2016-09-05 15:26:04	115159	training9 task1	Training Task 1	6593438	task_start	{"userID":"115159","userAgent":"Mozilla\\/5.0 (Windows NT 6.1; WOW64) AppleWebKit\\/537.36 (KHTML, like Gecko) Chrome\\/51.0.2704.106 Safari\\/537.36","taskType":"aat","task_name":""}
2016-09-05 15:26:16	115159	training9 task1	Training Task 1	6593439	screen	[["name","phase","time","value","logger_sn","logger_time","participation_id"],["init","start",5874.945,{"screen.width":1366,"screen.height":768,"avail.width":1366,"avail.height":728,"window.width":1366,"window.height":643},0,5875.275,"6593438"],["resize","start",6839.79,{"window.width":1366,"window.height":768,"avail.width":1366,"avail.height":728},1,6839.845,"6593438"],["fullscreenchange","start",6856.36,{"window.width":1366,"window.height":768,"avail.width":1366,"avail.height":728,"screenfull.isFullscreen":true},2,6856.38,"6593438"],["resize","end",6839.79,[],3,7875.83,"6593438"],["fullscreenchange","end",6856.36,[],4,7875.93,"6593438"]]
2016-09-05 15:26:16	115159	training9 task1	Training Task 1	6593439	slideshow	[["set","slide","delay","phase","response","rt","modality","id","time_start","time_buttons","time_response","logger_sn","logger_time","participation_id"],["noname",0,0,"up","up",70.3,"mouseup","all",6842.06,6842.235,6929.6,0,6929.77,"6593438"],["noname",1,0,"down","next",1509.79,"keydown",40,6929.795,6929.805,8458.87,1,8458.99,"6593438"],["noname",1,0,"up","up",19.87,"keyup",40,6929.795,6929.805,8500.92,2,8500.94,"6593438"],["noname",2,0,"down","next",248.825,"keydown",40,8500.945,8500.95,8779.79,3,8779.815,"6593438"],["noname",2,0,"up","up",54.98,"keyup",40,8500.945,8500.95,8852.445,4,8852.45,"6593438"],["noname",3,0,"down","next",292.265,"keydown",40,8852.455,8852.455,9172.77,5,9172.795,"6593438"],["noname",3,0,"up","up",59.01,"keyup",40,8852.455,8852.455,9256.62,6,9256.625,"6593438"],["noname",4,0,"down","next",346.64,"keydown",40,9256.625,9256.625,9627.045,7,9627.05,"6593438"],["noname",4,0,"up","up",26.495,"keyup",40,9256.625,9256.625,9672.95,8,9672.955,"6593438"],["noname",5,0,"down","next",377.02,"keydown",40,9672.96,9672.96,10073.635,9,10073.64,"6593438"],["noname",5,0,"up","up",48.76,"keyup",40,9672.96,9672.96,10144.92,10,10144.925,"6593438"]]
2016-09-05 15:26:19	115159	training9 task1	Training Task 1	6593440	screen	[["name","phase","time","value","logger_sn","logger_time","participation_id"],["resize","start",12514.825,{"window.width":1366,"window.height":643,"avail.width":1366,"avail.height":728},5,12514.84,"6593438"],["fullscreenchange","start",12516.37,{"window.width":1366,"window.height":643,"avail.width":1366,"avail.height":728,"screenfull.isFullscreen":false},6,12516.38,"6593438"],["resize","end",12514.825,[],7,13876.465,"6593438"],["fullscreenchange","end",12516.37,[],8,13876.555,"6593438"],["focusout","start",14106.525,[],9,14106.53,"6593438"]]
2016-09-05 15:26:23	115159	training9 task1	Training Task 1	6593441	screen	[["name","phase","time","value","logger_sn","logger_time","participation_id"],["focusout","end",14106.525,[],10,15876.785,"6593438"]]
2016-09-05 15:26:44	115159	training9 task2	Training Task 2	6593442	task_start	{"userID":"115159","userAgent":"Mozilla\\/5.0 (Windows NT 6.1; WOW64) AppleWebKit\\/537.36 (KHTML, like Gecko) Chrome\\/51.0.2704.106 Safari\\/537.36","taskType":"gonogo","task_name":""}
2016-09-05 15:29:23	115159	training9 task2	Training Task 2	6593443	screen	[["name","phase","time","value","logger_sn","logger_time","participation_id"],["init","start",9828.68,{"screen.width":1366,"screen.height":768,"avail.width":1366,"avail.height":728,"window.width":1366,"window.height":643},0,9828.985,"6593442"],["focusout","start",15244.005,[],1,15244.045,"6593442"],["focusout","end",15244.005,[],2,18230.65,"6593442"],["focusin","start",154716.38,[],3,154716.395,"6593442"],["resize","start",155716.96,{"window.width":1366,"window.height":768,"avail.width":1366,"avail.height":728},4,155716.965,"6593442"],["fullscreenchange","start",155726.7,{"window.width":1366,"window.height":768,"avail.width":1366,"avail.height":728,"screenfull.isFullscreen":true},5,155726.71,"6593442"],["focusin","end",154716.38,[],6,156231.72,"6593442"],["resize","end",155716.96,[],7,157231.965,"6593442"],["fullscreenchange","end",155726.7,[],8,157232.07,"6593442"],["fullscreenchange","start",158477.63,{"window.width":1366,"window.height":643,"avail.width":1366,"avail.height":728,"screenfull.isFullscreen":false},9,158477.64,"6593442"],["resize","start",158488.58,{"window.width":1366,"window.height":643,"avail.width":1366,"avail.height":728},10,158488.59,"6593442"]]
2016-09-05 15:29:23	115159	training9 task2	Training Task 2	6593443	slideshow	[["set","slide","delay","phase","response","rt","modality","id","time_start","time_buttons","time_response","logger_sn","logger_time","participation_id"],["noname",0,0,"up","up",8.46,"mouseup","all",155718.075,155718.14,155740.91,0,155741.205,"6593442"],["noname",1,0,"down","next",1473.225,"keydown",39,155741.245,155741.265,157241.695,1,157241.815,"6593442"],["noname",1,0,"up","up",32.165,"keyup",39,155741.245,155741.265,157299.24,2,157299.265,"6593442"],["noname",2,0,"down","next",68.55,"keydown",39,157299.27,157299.27,157385.54,3,157385.565,"6593442"],["noname",2,0,"up","up",13.23,"keyup",39,157299.27,157299.27,157430.155,4,157430.165,"6593442"],["noname",3,0,"down","next",59.955,"keydown",39,157430.165,157430.165,157510.135,5,157510.145,"6593442"],["noname",3,0,"up","up",28.38,"keyup",39,157430.165,157430.165,157561.88,6,157561.885,"6593442"],["noname",3,0,"up","up",1034.22,"keyup",27,157561.89,157561.89,158617.695,7,158617.7,"6593442"]]
2016-09-05 15:29:27	115159	training9 task2	Training Task 2	6593444	screen	[["name","phase","time","value","logger_sn","logger_time","participation_id"],["fullscreenchange","end",158477.63,[],11,160232.51,"6593442"],["resize","end",158488.58,[],12,160232.77,"6593442"],["focusout","start",160762.49,[],13,160762.495,"6593442"],["focusout","end",160762.49,[],14,162233.07,"6593442"]]
2016-09-06 04:20:47	115159	booster1 task1	Booster Task 1	6594118	task_start	{"userID":"115159","userAgent":"Mozilla\\/5.0 (Windows NT 6.1; WOW64) AppleWebKit\\/537.36 (KHTML, like Gecko) Chrome\\/51.0.2704.106 Safari\\/537.36","taskType":"aat","task_name":""}
2016-09-06 04:20:57	115159	booster1 task1	Booster Task 1	6594119	screen	[["name","phase","time","value","logger_sn","logger_time","participation_id"],["init","start",5008.115,{"screen.width":1366,"screen.height":768,"avail.width":1366,"avail.height":728,"window.width":1366,"window.height":643},0,5008.44,"6594118"],["fullscreenchange","start",5510.74,{"window.width":1366,"window.height":768,"avail.width":1366,"avail.height":728,"screenfull.isFullscreen":true},1,5510.795,"6594118"],["resize","start",5521.61,{"window.width":1366,"window.height":768,"avail.width":1366,"avail.height":728},2,5521.64,"6594118"],["fullscreenchange","end",5510.74,[],3,7008.955,"6594118"],["resize","end",5521.61,[],4,7009.085,"6594118"]]
2016-09-06 04:20:57	115159	booster1 task1	Booster Task 1	6594119	slideshow	[["set","slide","delay","phase","response","rt","modality","id","time_start","time_buttons","time_response","logger_sn","logger_time","participation_id"],["noname",0,0,"up","up",24.81,"mouseup","all",5524.38,5524.485,5579.45,0,5579.665,"6594118"],["noname",1,0,"down","next",1472.575,"keydown",40,5579.685,5579.79,7076.29,1,7076.575,"6594118"],["noname",1,0,"up","up",37.41,"keyup",40,5579.685,5579.79,7139.8,2,7139.825,"6594118"],["noname",2,0,"down","next",382.655,"keydown",40,7139.83,7139.83,7551.79,3,7551.82,"6594118"],["noname",2,0,"up","up",37.115,"keyup",40,7139.83,7139.83,7606.13,4,7606.135,"6594118"],["noname",3,0,"down","next",340.945,"keydown",40,7606.14,7606.14,7976.625,5,7976.65,"6594118"],["noname",3,0,"up","up",35.965,"keyup",40,7606.14,7606.14,8037.45,6,8037.46,"6594118"],["noname",4,0,"down","next",536.295,"keydown",40,8037.46,8037.46,8604.465,7,8604.475,"6594118"],["noname",4,0,"up","up",49.475,"keyup",40,8037.46,8037.46,8684.13,8,8684.14,"6594118"]]
2016-09-06 04:21:01	115159	booster1 task1	Booster Task 1	6594120	slideshow	[["set","slide","delay","phase","response","rt","modality","id","time_start","time_buttons","time_response","logger_sn","logger_time","participation_id"],["noname",5,0,"down","next",1347.785,"keydown",40,8684.14,8684.145,10049.045,9,10049.055,"6594118"],["noname",5,0,"up","up",75.73,"keyup",40,8684.14,8684.145,10142.06,10,10142.065,"6594118"]]
2016-09-06 04:21:05	115159	booster1 task1	Booster Task 1	6594121	aat	[["approach_left","block_type","cat","stim","trial_type","response","rt","id","modality","label","sust","final_response","fb_response","fb_rt","fb_id","block","trial","attempt","time_start","time_fix","time_stimulus_show","time_response","time_release","time_extend_incorrect","time_log","sn","logger_sn","logger_time","participation_id"],[false,"practice","practice","practice","approach",2,576.065,38,"keydown","up_down",true,2,"NA","NA","NA",0,0,0,10144.44,11115.845,11914.91,12507.735,12914.18,12956.105,13513.86,"NA",0,13514.225,"6594118"],[false,"practice","practice","practice","approach",1,362.92,40,"keydown","down_down",true,1,"NA","NA","NA",0,0,1,13514.265,14013.52,14645.68,15025.25,15428.895,12956.105,15460.41,"NA",1,15460.515,"6594118"]]
2016-09-06 04:21:09	115159	booster1 task1	Booster Task 1	6594122	aat	[["approach_left","block_type","cat","stim","trial_type","response","rt","id","modality","label","sust","final_response","fb_response","fb_rt","fb_id","block","trial","attempt","time_start","time_fix","time_stimulus_show","time_response","time_release","time_extend_incorrect","time_log","sn","logger_sn","logger_time","participation_id"],[false,"practice","practice","practice","approach",1,705.44,40,"keydown","down_down",true,1,"NA","NA","NA",0,1,0,15461.02,16396.03,16975.135,17697.22,18109.855,"NA",18132.865,"NA",2,18133.085,"6594118"],[false,"practice","practice","practice","avoid",1,478.65,38,"keydown","up_down",true,1,"NA","NA","NA",0,2,0,18133.335,18858.925,19841.725,20337.035,20740.6,"NA",20772.195,"NA",3,20772.28,"6594118"]]
2016-09-06 04:21:13	115159	booster1 task1	Booster Task 1	6594123	aat	[["approach_left","block_type","cat","stim","trial_type","response","rt","id","modality","label","sust","final_response","fb_response","fb_rt","fb_id","block","trial","attempt","time_start","time_fix","time_stimulus_show","time_response","time_release","time_extend_incorrect","time_log","sn","logger_sn","logger_time","participation_id"],[false,"practice","practice","practice","avoid",1,589.035,38,"keydown","up_down",true,1,"NA","NA","NA",0,3,0,20772.54,21306.86,21938.585,22544.235,22955.35,"NA",22960.9,"NA",4,22960.98,"6594118"]]
2016-09-06 04:21:17	115159	booster1 task1	Booster Task 1	6594124	screen	[["name","phase","time","value","logger_sn","logger_time","participation_id"],["fullscreenchange","start",27629.51,{"window.width":1366,"window.height":643,"avail.width":1366,"avail.height":728,"screenfull.isFullscreen":false},5,27629.52,"6594118"],["resize","start",27639.59,{"window.width":1366,"window.height":643,"avail.width":1366,"avail.height":728},6,27639.605,"6594118"],["fullscreenchange","end",27629.51,[],7,29011.88,"6594118"],["resize","end",27639.59,[],8,29012.045,"6594118"]]
2016-09-06 04:21:17	115159	booster1 task1	Booster Task 1	6594124	aat	[["approach_left","block_type","cat","stim","trial_type","response","rt","id","modality","label","sust","final_response","fb_response","fb_rt","fb_id","block","trial","attempt","time_start","time_fix","time_stimulus_show","time_response","time_release","time_extend_incorrect","time_log","sn","logger_sn","logger_time","participation_id"],[false,"practice","practice","practice","avoid",1,594.15,38,"keydown","up_down",true,1,"NA","NA","NA",0,4,0,22961.185,23854.57,24751.535,25362.335,25769.54,"NA",25771.99,"NA",5,25772.075,"6594118"]]
2016-09-06 04:21:21	115159	booster1 task1	Booster Task 1	6594125	screen	[["name","phase","time","value","logger_sn","logger_time","participation_id"],["focusout","start",30696.09,[],9,30696.095,"6594118"],["focusout","end",30696.09,[],10,32012.38,"6594118"]]
2016-09-06 04:22:29	115159	booster1 task2	Booster Task 2	6594126	task_start	{"userID":"115159","userAgent":"Mozilla\\/5.0 (Windows NT 6.1; WOW64) AppleWebKit\\/537.36 (KHTML, like Gecko) Chrome\\/51.0.2704.106 Safari\\/537.36","taskType":"gonogo","task_name":""}
2016-09-06 04:22:42	115159	booster1 task2	Booster Task 2	6594127	screen	[["name","phase","time","value","logger_sn","logger_time","participation_id"],["init","start",7912.06,{"screen.width":1366,"screen.height":768,"avail.width":1366,"avail.height":728,"window.width":1366,"window.height":643},0,7912.445,"6594126"],["fullscreenchange","start",8716.68,{"window.width":1366,"window.height":768,"avail.width":1366,"avail.height":728,"screenfull.isFullscreen":true},1,8716.73,"6594126"],["resize","start",8726.08,{"window.width":1366,"window.height":768,"avail.width":1366,"avail.height":728},2,8726.11,"6594126"],["fullscreenchange","end",8716.68,[],3,9912.955,"6594126"],["resize","end",8726.08,[],4,9913.1,"6594126"]]
2016-09-06 04:22:42	115159	booster1 task2	Booster Task 2	6594127	slideshow	[["set","slide","delay","phase","response","rt","modality","id","time_start","time_buttons","time_response","logger_sn","logger_time","participation_id"],["noname",0,0,"up","up",48.92,"mouseup","all",8727.25,8727.315,8788.755,0,8789.03,"6594126"],["noname",1,0,"down","next",1052.095,"keydown",39,8789.055,8789.07,9858.01,1,9858.135,"6594126"],["noname",1,0,"up","up",80.415,"keyup",39,8789.055,8789.07,9968.63,2,9968.655,"6594126"],["noname",2,0,"down","next",287.48,"keydown",39,9968.66,9968.66,10275.485,3,10275.51,"6594126"],["noname",2,0,"up","up",59.905,"keyup",39,9968.66,9968.66,10364.32,4,10364.325,"6594126"],["noname",3,0,"down","next",362.335,"keydown",39,10364.33,10364.33,10750.255,5,10750.265,"6594126"],["noname",3,0,"up","up",57.7,"keyup",39,10364.33,10364.33,10828.35,6,10828.355,"6594126"],["noname",4,0,"down","next",454.71,"keydown",39,10828.355,10828.36,11309.04,7,11309.05,"6594126"],["noname",4,0,"up","up",45.06,"keyup",39,10828.355,10828.36,11381.93,8,11381.935,"6594126"],["noname",5,0,"down","next",496.65,"keydown",39,11381.94,11381.94,11899.935,9,11899.94,"6594126"],["noname",5,0,"up","up",55.21,"keyup",39,11381.94,11381.94,11974.89,10,11974.895,"6594126"]]
2016-09-06 04:22:46	115159	booster1 task2	Booster Task 2	6594128	gonogo	[["block_type","cat","stim","trial_type","response","rt","id","modality","label","fb_response","fb_rt","fb_id","block","trial","attempt","time_start","time_fix","time_stimulus_show","time_response","time_extend_incorrect","time_log","sn","logger_sn","logger_time","participation_id"],["practice","practice","practice","go",1,525.315,32,"keydown","go_down","NA","NA","NA",0,0,0,11978.39,12752.825,13717.975,14259.755,"NA",14305.53,"NA",0,14305.82,"6594126"],["practice","practice","practice","go",1,460.395,32,"keydown","go_down","NA","NA","NA",0,1,0,14307.965,15050.265,15615.855,16092.895,"NA",16148.935,"NA",1,16149.045,"6594126"]]
2016-09-06 04:22:50	115159	booster1 task2	Booster Task 2	6594129	gonogo	[["block_type","cat","stim","trial_type","response","rt","id","modality","label","fb_response","fb_rt","fb_id","block","trial","attempt","time_start","time_fix","time_stimulus_show","time_response","time_extend_incorrect","time_log","sn","logger_sn","logger_time","participation_id"],["practice","practice","practice","go",1,407.675,32,"keydown","go_down","NA","NA","NA",0,2,0,16151.685,16915.31,17747.875,18172.21,"NA",18220.245,"NA",2,18220.315,"6594126"],["practice","practice","practice","go",1,339.145,32,"keydown","go_down","NA","NA","NA",0,3,0,18221.59,18796.96,19579.905,19935.9,"NA",19991.575,"NA",3,19991.65,"6594126"]]
2016-09-06 04:22:54	115159	booster1 task2	Booster Task 2	6594130	gonogo	[["block_type","cat","stim","trial_type","response","rt","id","modality","label","fb_response","fb_rt","fb_id","block","trial","attempt","time_start","time_fix","time_stimulus_show","time_response","time_extend_incorrect","time_log","sn","logger_sn","logger_time","participation_id"],["practice","practice","practice","nogo",1,null,"NA","NA","NA","NA","NA","NA",0,4,0,19993.16,20662.03,21277.95,22277.215,"NA",23276.485,"NA",4,23276.615,"6594126"]]
2016-09-06 04:22:58	115159	booster1 task2	Booster Task 2	6594131	gonogo	[["block_type","cat","stim","trial_type","response","rt","id","modality","label","fb_response","fb_rt","fb_id","block","trial","attempt","time_start","time_fix","time_stimulus_show","time_response","time_extend_incorrect","time_log","sn","logger_sn","logger_time","participation_id"],["practice","practice","practice","nogo",1,null,"NA","NA","NA","NA","NA","NA",0,5,0,23277.825,23875.92,24475.32,25474.485,"NA",26473.575,"NA",5,26473.66,"6594126"],["practice","practice","practice","go",1,370.21,32,"keydown","go_down","NA","NA","NA",0,6,0,26474.86,27322.77,27938.955,28325.79,"NA",28379.17,"NA",6,28379.245,"6594126"]]
2016-09-06 04:23:02	115159	booster1 task2	Booster Task 2	6594132	gonogo	[["block_type","cat","stim","trial_type","response","rt","id","modality","label","fb_response","fb_rt","fb_id","block","trial","attempt","time_start","time_fix","time_stimulus_show","time_response","time_extend_incorrect","time_log","sn","logger_sn","logger_time","participation_id"],["practice","practice","practice","nogo",1,null,"NA","NA","NA","NA","NA","NA",0,7,0,28381.125,29004.705,29754.4,30753.175,"NA",31752.265,"NA",7,31752.345,"6594126"]]
2016-09-06 04:23:06	115159	booster1 task2	Booster Task 2	6594133	gonogo	[["block_type","cat","stim","trial_type","response","rt","id","modality","label","fb_response","fb_rt","fb_id","block","trial","attempt","time_start","time_fix","time_stimulus_show","time_response","time_extend_incorrect","time_log","sn","logger_sn","logger_time","participation_id"],["practice","practice","practice","nogo",1,null,"NA","NA","NA","NA","NA","NA",0,8,0,31753.625,32717.99,33600.725,34599.8,"NA",35598.99,"NA",8,35599.07,"6594126"]]
2016-09-06 04:23:10	115159	booster1 task2	Booster Task 2	6594134	gonogo	[["block_type","cat","stim","trial_type","response","rt","id","modality","label","fb_response","fb_rt","fb_id","block","trial","attempt","time_start","time_fix","time_stimulus_show","time_response","time_extend_incorrect","time_log","sn","logger_sn","logger_time","participation_id"],["practice","practice","practice","nogo",1,null,"NA","NA","NA","NA","NA","NA",0,9,0,35600.305,36281.71,36997.705,37996.89,"NA",38995.935,"NA",9,38996.02,"6594126"]]
2016-09-06 04:23:10	115159	booster1 task2	Booster Task 2	6594134	slideshow	[["set","slide","delay","phase","response","rt","modality","id","time_start","time_buttons","time_response","logger_sn","logger_time","participation_id"],["noname",1,0,"down","next",1523.71,"keydown",39,38996.52,38996.525,40536.52,11,40536.685,"6594126"],["noname",1,0,"up","up",40.67,"keyup",39,38996.52,38996.525,40601.985,12,40601.995,"6594126"]]
2016-09-06 04:23:14	115159	booster1 task2	Booster Task 2	6594135	slideshow	[["set","slide","delay","phase","response","rt","modality","id","time_start","time_buttons","time_response","logger_sn","logger_time","participation_id"],["noname",2,0,"down","next",426.03,"keydown",39,40602,40602,41054.66,13,41054.665,"6594126"],["noname",2,0,"up","up",50.115,"keyup",39,40602,40602,41127.625,14,41127.63,"6594126"]]
2016-09-06 04:23:18	115159	booster1 task2	Booster Task 2	6594136	gonogo	[["block_type","cat","stim","trial_type","response","rt","id","modality","label","fb_response","fb_rt","fb_id","block","trial","attempt","time_start","time_fix","time_stimulus_show","time_response","time_extend_incorrect","time_log","sn","logger_sn","logger_time","participation_id"],["train","test","baisha_p_8_test","nogo",1,null,"NA","NA","NA","NA","NA","NA",1,0,0,41129.585,42076.6,42959.5,44058.215,"NA",45057.28,"NA",10,45057.375,"6594126"],["train","control","yunyan_p_1_control","go",1,517.83,32,"keydown","go_down","NA","NA","NA",1,1,0,45058.64,45923.12,46689.31,47318.13,"NA",47383.875,"NA",11,47383.95,"6594126"]]
2016-09-06 04:23:22	115159	booster1 task2	Booster Task 2	6594137	gonogo	[["block_type","cat","stim","trial_type","response","rt","id","modality","label","fb_response","fb_rt","fb_id","block","trial","attempt","time_start","time_fix","time_stimulus_show","time_response","time_extend_incorrect","time_log","sn","logger_sn","logger_time","participation_id"],["train","control","nobrand_a_4_control","go",2,null,"NA","NA","NA","NA","NA","NA",1,2,0,47385.84,48237.91,49137.1,50219.455,"NA",51318.96,"NA",12,51319.055,"6594126"]]
2016-09-06 04:23:26	115159	booster1 task2	Booster Task 2	6594138	gonogo	[["block_type","cat","stim","trial_type","response","rt","id","modality","label","fb_response","fb_rt","fb_id","block","trial","attempt","time_start","time_fix","time_stimulus_show","time_response","time_extend_incorrect","time_log","sn","logger_sn","logger_time","participation_id"],["train","control","nobrand_a_4_control","go",2,null,"NA","NA","NA","NA","NA","NA",1,2,1,51319.07,52167.795,52817.27,53816.355,"NA",54832.425,"NA",13,54832.5,"6594126"],["train","control","nobrand_a_4_control","go",1,455.055,32,"keydown","go_down","NA","NA","NA",1,2,2,54832.51,55348.38,55847.935,56320.12,"NA",56373.5,"NA",14,56373.575,"6594126"]]
2016-09-06 04:23:30	115159	booster1 task2	Booster Task 2	6594139	gonogo	[["block_type","cat","stim","trial_type","response","rt","id","modality","label","fb_response","fb_rt","fb_id","block","trial","attempt","time_start","time_fix","time_stimulus_show","time_response","time_extend_incorrect","time_log","sn","logger_sn","logger_time","participation_id"],["train","control","yunyan_p_1_control","go",1,689.56,32,"keydown","go_down","NA","NA","NA",1,3,0,56374.87,57263.37,58046.01,58752.195,"NA",58815.49,"NA",15,58815.565,"6594126"]]
2016-09-06 04:23:34	115159	booster1 task2	Booster Task 2	6594140	gonogo	[["block_type","cat","stim","trial_type","response","rt","id","modality","label","fb_response","fb_rt","fb_id","block","trial","attempt","time_start","time_fix","time_stimulus_show","time_response","time_extend_incorrect","time_log","sn","logger_sn","logger_time","participation_id"],["train","test","baisha_a_7_test","nogo",1,null,"NA","NA","NA","NA","NA","NA",1,4,0,58817.005,59827.785,60744.025,61842.68,"NA",62841.76,"NA",16,62841.86,"6594126"]]
2016-09-06 04:23:38	115159	booster1 task2	Booster Task 2	6594141	gonogo	[["block_type","cat","stim","trial_type","response","rt","id","modality","label","fb_response","fb_rt","fb_id","block","trial","attempt","time_start","time_fix","time_stimulus_show","time_response","time_extend_incorrect","time_log","sn","logger_sn","logger_time","participation_id"],["train","test","yunyan_a_9_test","nogo",1,null,"NA","NA","NA","NA","NA","NA",1,5,0,62843.195,63424.57,64024.17,65123.165,"NA",66122.435,"NA",17,66122.52,"6594126"],["train","control","baisha_a_1_control","go",1,613.205,32,"keydown","go_down","NA","NA","NA",1,6,0,66123.855,66721.685,67221.38,67949.44,"NA",68013.945,"NA",18,68014.025,"6594126"]]
2016-09-06 04:23:42	115159	booster1 task2	Booster Task 2	6594142	gonogo	[["block_type","cat","stim","trial_type","response","rt","id","modality","label","fb_response","fb_rt","fb_id","block","trial","attempt","time_start","time_fix","time_stimulus_show","time_response","time_extend_incorrect","time_log","sn","logger_sn","logger_time","participation_id"],["train","control","liqun_a_2_control","go",1,491.345,32,"keydown","go_down","NA","NA","NA",1,7,0,68015.905,68536.88,69519.32,70128.69,"NA",70199.725,"NA",19,70199.805,"6594126"]]
2016-09-06 04:23:46	115159	booster1 task2	Booster Task 2	6594143	gonogo	[["block_type","cat","stim","trial_type","response","rt","id","modality","label","fb_response","fb_rt","fb_id","block","trial","attempt","time_start","time_fix","time_stimulus_show","time_response","time_extend_incorrect","time_log","sn","logger_sn","logger_time","participation_id"],["train","test","nobrand_p_3_test","nogo",1,null,"NA","NA","NA","NA","NA","NA",1,8,0,70201.175,71184.7,72100.11,73199.425,"NA",74198.55,"NA",20,74198.635,"6594126"]]
2016-09-06 04:23:50	115159	booster1 task2	Booster Task 2	6594144	gonogo	[["block_type","cat","stim","trial_type","response","rt","id","modality","label","fb_response","fb_rt","fb_id","block","trial","attempt","time_start","time_fix","time_stimulus_show","time_response","time_extend_incorrect","time_log","sn","logger_sn","logger_time","participation_id"],["train","test","nobrand_p_3_test","nogo",1,null,"NA","NA","NA","NA","NA","NA",1,9,0,74199.99,74831.265,75713.945,76713.1,"NA",77712.245,"NA",21,77712.33,"6594126"],["train","control","liqun_a_2_control","go",1,468.135,32,"keydown","go_down","NA","NA","NA",1,10,0,77714.52,78511.435,79493.91,79978.69,"NA",80043.245,"NA",22,80043.325,"6594126"]]
2016-09-06 04:23:54	115159	booster1 task2	Booster Task 2	6594145	gonogo	[["block_type","cat","stim","trial_type","response","rt","id","modality","label","fb_response","fb_rt","fb_id","block","trial","attempt","time_start","time_fix","time_stimulus_show","time_response","time_extend_incorrect","time_log","sn","logger_sn","logger_time","participation_id"],["train","test","baisha_a_7_test","nogo",1,null,"NA","NA","NA","NA","NA","NA",1,11,0,80044.605,80826.135,81792.45,82791.07,"NA",83790.19,"NA",23,83790.28,"6594126"]]
2016-09-06 04:23:58	115159	booster1 task2	Booster Task 2	6594146	gonogo	[["block_type","cat","stim","trial_type","response","rt","id","modality","label","fb_response","fb_rt","fb_id","block","trial","attempt","time_start","time_fix","time_stimulus_show","time_response","time_extend_incorrect","time_log","sn","logger_sn","logger_time","participation_id"],["train","control","liqun_a_2_control","go",1,523.215,32,"keydown","go_down","NA","NA","NA",1,12,0,83792.085,84489.53,85455.45,85995.33,"NA",86054.94,"NA",24,86055.02,"6594126"]]
2016-09-06 04:24:02	115159	booster1 task2	Booster Task 2	6594147	gonogo	[["block_type","cat","stim","trial_type","response","rt","id","modality","label","fb_response","fb_rt","fb_id","block","trial","attempt","time_start","time_fix","time_stimulus_show","time_response","time_extend_incorrect","time_log","sn","logger_sn","logger_time","participation_id"],["train","test","yunyan_p_1_test","nogo",1,null,"NA","NA","NA","NA","NA","NA",1,13,0,86056.31,87054.055,87936.445,89035.59,"NA",90034.73,"NA",25,90034.83,"6594126"]]
2016-09-06 04:24:06	115159	booster1 task2	Booster Task 2	6594148	gonogo	[["block_type","cat","stim","trial_type","response","rt","id","modality","label","fb_response","fb_rt","fb_id","block","trial","attempt","time_start","time_fix","time_stimulus_show","time_response","time_extend_incorrect","time_log","sn","logger_sn","logger_time","participation_id"],["train","test","nobrand_a_4_test","nogo",1,null,"NA","NA","NA","NA","NA","NA",1,14,0,90036.13,90634.31,91533.475,92632.465,"NA",93631.57,"NA",26,93631.65,"6594126"],["train","control","baisha_p_8_control","go",1,509.07,32,"keydown","go_down","NA","NA","NA",1,15,0,93632.94,94214.345,95213.585,95841.775,"NA",95915.71,"NA",27,95915.78,"6594126"]]
2016-09-06 04:24:10	115159	booster1 task2	Booster Task 2	6594149	gonogo	[["block_type","cat","stim","trial_type","response","rt","id","modality","label","fb_response","fb_rt","fb_id","block","trial","attempt","time_start","time_fix","time_stimulus_show","time_response","time_extend_incorrect","time_log","sn","logger_sn","logger_time","participation_id"],["train","control","yunyan_a_9_control","go",1,536.935,32,"keydown","go_down","NA","NA","NA",1,16,0,95917.115,96828.835,97511.7,98176.615,"NA",98244.59,"NA",28,98244.67,"6594126"],["train","control","liqun_p_1_control","go",1,444.245,32,"keydown","go_down","NA","NA","NA",1,17,0,98246.515,99210.2,99809.535,100358.5,"NA",100414.435,"NA",29,100414.505,"6594126"]]
2016-09-06 04:24:14	115159	booster1 task2	Booster Task 2	6594150	gonogo	[["block_type","cat","stim","trial_type","response","rt","id","modality","label","fb_response","fb_rt","fb_id","block","trial","attempt","time_start","time_fix","time_stimulus_show","time_response","time_extend_incorrect","time_log","sn","logger_sn","logger_time","participation_id"],["train","control","baisha_a_1_control","go",1,438.115,32,"keydown","go_down","NA","NA","NA",1,18,0,100416.425,101075.24,101874.03,102328.78,"NA",102380.675,"NA",30,102380.75,"6594126"]]
2016-09-06 04:24:18	115159	booster1 task2	Booster Task 2	6594151	gonogo	[["block_type","cat","stim","trial_type","response","rt","id","modality","label","fb_response","fb_rt","fb_id","block","trial","attempt","time_start","time_fix","time_stimulus_show","time_response","time_extend_incorrect","time_log","sn","logger_sn","logger_time","participation_id"],["train","test","baisha_p_8_test","nogo",1,null,"NA","NA","NA","NA","NA","NA",1,19,0,102381.915,103273.19,103823.035,104821.825,"NA",105820.99,"NA",31,105821.08,"6594126"]]
2016-09-06 04:24:22	115159	booster1 task2	Booster Task 2	6594152	gonogo	[["block_type","cat","stim","trial_type","response","rt","id","modality","label","fb_response","fb_rt","fb_id","block","trial","attempt","time_start","time_fix","time_stimulus_show","time_response","time_extend_incorrect","time_log","sn","logger_sn","logger_time","participation_id"],["train","test","liqun_p_1_test","nogo",1,null,"NA","NA","NA","NA","NA","NA",1,20,0,105822.195,106437.13,107219.73,108318.73,"NA",109317.83,"NA",32,109317.925,"6594126"],["train","test","baisha_p_8_test","nogo",1,null,"NA","NA","NA","NA","NA","NA",1,21,0,109319.14,109833.995,110566.87,111565.895,"NA",112565.11,"NA",33,112565.2,"6594126"]]
2016-09-06 04:24:26	115159	booster1 task2	Booster Task 2	6594153	gonogo	[["block_type","cat","stim","trial_type","response","rt","id","modality","label","fb_response","fb_rt","fb_id","block","trial","attempt","time_start","time_fix","time_stimulus_show","time_response","time_extend_incorrect","time_log","sn","logger_sn","logger_time","participation_id"],["train","test","liqun_a_2_test","nogo",1,null,"NA","NA","NA","NA","NA","NA",1,22,0,112566.93,113197.895,113714.055,114813.135,"NA",115812.215,"NA",34,115812.305,"6594126"]]
2016-09-06 04:24:30	115159	booster1 task2	Booster Task 2	6594154	screen	[["name","phase","time","value","logger_sn","logger_time","participation_id"],["fullscreenchange","start",120633.905,{"window.width":1366,"window.height":643,"avail.width":1366,"avail.height":728,"screenfull.isFullscreen":false},5,120633.915,"6594126"],["resize","start",120646.795,{"window.width":1366,"window.height":643,"avail.width":1366,"avail.height":728},6,120646.805,"6594126"]]
2016-09-06 04:24:30	115159	booster1 task2	Booster Task 2	6594154	gonogo	[["block_type","cat","stim","trial_type","response","rt","id","modality","label","fb_response","fb_rt","fb_id","block","trial","attempt","time_start","time_fix","time_stimulus_show","time_response","time_extend_incorrect","time_log","sn","logger_sn","logger_time","participation_id"],["train","control","yunyan_a_9_control","go",1,732.265,32,"keydown","go_down","NA","NA","NA",1,23,0,115813.525,116594.83,117494.05,118243.01,"NA",118295.18,"NA",35,118295.255,"6594126"]]
2016-09-06 04:24:34	115159	booster1 task2	Booster Task 2	6594155	screen	[["name","phase","time","value","logger_sn","logger_time","participation_id"],["fullscreenchange","end",120633.905,[],7,121921.175,"6594126"],["resize","end",120646.795,[],8,121921.26,"6594126"],["focusout","start",123358.9,[],9,123358.905,"6594126"]]
2016-09-06 04:24:34	115159	booster1 task2	Booster Task 2	6594155	gonogo	[["block_type","cat","stim","trial_type","response","rt","id","modality","label","fb_response","fb_rt","fb_id","block","trial","attempt","time_start","time_fix","time_stimulus_show","time_response","time_extend_incorrect","time_log","sn","logger_sn","logger_time","participation_id"],["train","test","baisha_a_7_test","nogo",1,null,"NA","NA","NA","NA","NA","NA",1,24,0,118296.44,119259.22,120058.57,121057.5,"NA",122056.89,"NA",36,122056.98,"6594126"]]
2016-09-06 04:25:41	115159	booster8 task2	Booster Task 2	6594156	task_start	{"userID":"115159","userAgent":"Mozilla\\/5.0 (Windows NT 6.1; WOW64) AppleWebKit\\/537.36 (KHTML, like Gecko) Chrome\\/51.0.2704.106 Safari\\/537.36","taskType":"gonogo","task_name":""}
